YYYYMMDDHHmmss,Hostname,IP,CPU_Usage,Memory_Usage,Swap_Usage,Filesystem_Usage,Ping_Status
20250908000000,h1,10.0.0.1,47,20,9,20,OK
20250908000100,h1,10.0.0.1,81,29,30,67,LOSS
20250908000200,h1,10.0.0.1,31,16,30,19,OK
20250908000300,h1,10.0.0.1,25,47,15,56,OK
20250908000400,h1,10.0.0.1,69,92,15,25,OK
20250908000500,h1,10.0.0.1,38,32,10,42,OK
20250908000600,h1,10.0.0.1,24,20,14,93,OK
20250908000700,h1,10.0.0.1,73,75,5,26,OK
20250908000800,h1,10.0.0.1,53,5,32,82,OK
20250908000900,h1,10.0.0.1,56,50,40,15,OK
20250908001000,h1,10.0.0.1,52,32,26,54,OK
20250908001100,h1,10.0.0.1,38,64,43,68,OK
20250908001200,h1,10.0.0.1,9,17,7,2,OK
20250908001300,h1,10.0.0.1,50,49,38,73,OK
20250908001400,h1,10.0.0.1,43,49,29,40,OK
20250908001500,h1,10.0.0.1,70,11,24,3,OK
20250908001600,h1,10.0.0.1,74,56,6,63,OK
20250908001700,h1,10.0.0.1,8,98,20,11,OK
20250908001800,h1,10.0.0.1,71,4,26,10,OK
20250908001900,h1,10.0.0.1,62,95,4,99,OK
20250908002000,h1,10.0.0.1,54,33,14,63,OK
20250908002100,h1,10.0.0.1,28,20,32,37,OK
20250908002200,h1,10.0.0.1,7,52,27,87,OK
20250908002300,h1,10.0.0.1,65,85,8,48,OK
20250908002400,h1,10.0.0.1,93,80,49,89,OK
20250908002500,h1,10.0.0.1,90,60,9,17,OK
20250908002600,h1,10.0.0.1,57,98,10,11,OK
20250908002700,h1,10.0.0.1,18,6,12,83,OK
20250908002800,h1,10.0.0.1,42,27,33,12,OK
20250908002900,h1,10.0.0.1,89,52,20,4,OK
20250908003000,h1,10.0.0.1,11,37,30,48,OK
20250908003100,h1,10.0.0.1,61,97,40,60,OK
20250908003200,h1,10.0.0.1,3,5,27,98,OK
20250908003300,h1,10.0.0.1,31,95,6,17,OK
20250908003400,h1,10.0.0.1,36,75,4,73,OK
20250908003500,h1,10.0.0.1,60,69,13,29,OK
20250908003600,h1,10.0.0.1,34,28,35,41,OK
20250908003700,h1,10.0.0.1,61,6,29,95,OK
20250908003800,h1,10.0.0.1,46,76,37,42,OK
20250908003900,h1,10.0.0.1,77,51,15,84,OK
20250908004000,h1,10.0.0.1,87,81,23,27,OK
20250908004100,h1,10.0.0.1,71,76,36,5,OK
20250908004200,h1,10.0.0.1,5,19,28,74,OK
20250908004300,h1,10.0.0.1,15,10,32,83,OK
20250908004400,h1,10.0.0.1,40,37,19,27,OK
20250908004500,h1,10.0.0.1,31,69,18,30,OK
20250908004600,h1,10.0.0.1,50,98,10,20,OK
20250908004700,h1,10.0.0.1,68,29,39,66,OK
20250908004800,h1,10.0.0.1,50,77,10,99,OK
20250908004900,h1,10.0.0.1,53,45,32,14,OK
20250908005000,h1,10.0.0.1,84,91,41,99,OK
20250908005100,h1,10.0.0.1,65,78,42,73,OK
20250908005200,h1,10.0.0.1,38,99,9,16,OK
20250908005300,h1,10.0.0.1,81,20,9,38,OK
20250908005400,h1,10.0.0.1,65,35,17,55,LOSS
20250908005500,h1,10.0.0.1,62,74,28,99,OK
20250908005600,h1,10.0.0.1,5,22,12,17,OK
20250908005700,h1,10.0.0.1,18,15,1,62,OK
20250908005800,h1,10.0.0.1,32,17,27,24,OK
20250908005900,h1,10.0.0.1,20,31,49,66,OK
20250908010000,h1,10.0.0.1,22,66,30,68,OK
20250908010100,h1,10.0.0.1,34,74,11,37,OK
20250908010200,h1,10.0.0.1,2,4,8,96,LOSS
20250908010300,h1,10.0.0.1,70,92,13,87,LOSS
20250908010400,h1,10.0.0.1,95,15,17,67,OK
20250908010500,h1,10.0.0.1,24,51,25,67,OK
20250908010600,h1,10.0.0.1,84,38,3,29,OK
20250908010700,h1,10.0.0.1,30,82,20,3,OK
20250908010800,h1,10.0.0.1,22,14,4,50,OK
20250908010900,h1,10.0.0.1,8,15,6,10,OK
20250908011000,h1,10.0.0.1,77,63,30,33,OK
20250908011100,h1,10.0.0.1,31,23,13,43,OK
20250908011200,h1,10.0.0.1,57,86,49,90,OK
20250908011300,h1,10.0.0.1,20,73,26,48,OK
20250908011400,h1,10.0.0.1,81,31,18,3,OK
20250908011500,h1,10.0.0.1,75,92,25,38,OK
20250908011600,h1,10.0.0.1,31,78,45,1,OK
20250908011700,h1,10.0.0.1,44,52,28,6,LOSS
20250908011800,h1,10.0.0.1,23,74,39,94,LOSS
20250908011900,h1,10.0.0.1,70,31,28,35,OK
20250908012000,h1,10.0.0.1,32,73,12,90,OK
20250908012100,h1,10.0.0.1,47,77,41,98,OK
20250908012200,h1,10.0.0.1,73,97,49,52,OK
20250908012300,h1,10.0.0.1,99,59,26,9,OK
20250908012400,h1,10.0.0.1,66,61,36,64,OK
20250908012500,h1,10.0.0.1,60,51,22,76,OK
20250908012600,h1,10.0.0.1,93,7,36,9,OK
20250908012700,h1,10.0.0.1,37,2,14,24,OK
20250908012800,h1,10.0.0.1,35,24,20,66,OK
20250908012900,h1,10.0.0.1,60,60,49,34,OK
20250908013000,h1,10.0.0.1,8,71,5,8,OK
20250908013100,h1,10.0.0.1,28,43,45,68,OK
20250908013200,h1,10.0.0.1,69,12,24,87,OK
20250908013300,h1,10.0.0.1,10,20,7,1,OK
20250908013400,h1,10.0.0.1,95,33,35,84,OK
20250908013500,h1,10.0.0.1,85,64,18,20,OK
20250908013600,h1,10.0.0.1,3,32,11,58,OK
20250908013700,h1,10.0.0.1,99,87,46,54,OK
20250908013800,h1,10.0.0.1,56,86,49,35,OK
20250908013900,h1,10.0.0.1,60,9,37,48,OK
20250908014000,h1,10.0.0.1,43,25,3,13,LOSS
20250908014100,h1,10.0.0.1,21,52,34,97,OK
20250908014200,h1,10.0.0.1,48,71,34,76,OK
20250908014300,h1,10.0.0.1,79,93,2,45,OK
20250908014400,h1,10.0.0.1,56,44,28,70,OK
20250908014500,h1,10.0.0.1,91,57,13,13,OK
20250908014600,h1,10.0.0.1,86,74,36,87,OK
20250908014700,h1,10.0.0.1,68,38,22,29,OK
20250908014800,h1,10.0.0.1,84,5,11,78,OK
20250908014900,h1,10.0.0.1,53,49,5,37,OK
20250908015000,h1,10.0.0.1,71,74,41,94,OK
20250908015100,h1,10.0.0.1,16,10,49,5,OK
20250908015200,h1,10.0.0.1,22,51,43,62,OK
20250908015300,h1,10.0.0.1,27,7,22,1,OK
20250908015400,h1,10.0.0.1,98,14,4,89,OK
20250908015500,h1,10.0.0.1,10,81,12,20,OK
20250908015600,h1,10.0.0.1,68,34,35,6,OK
20250908015700,h1,10.0.0.1,62,90,31,94,OK
20250908015800,h1,10.0.0.1,88,84,9,7,OK
20250908015900,h1,10.0.0.1,26,27,36,29,OK
20250908020000,h1,10.0.0.1,91,73,5,42,OK
20250908020100,h1,10.0.0.1,61,1,5,42,OK
20250908020200,h1,10.0.0.1,63,57,48,38,OK
20250908020300,h1,10.0.0.1,18,21,19,52,OK
20250908020400,h1,10.0.0.1,91,5,47,99,OK
20250908020500,h1,10.0.0.1,90,51,32,74,OK
20250908020600,h1,10.0.0.1,60,20,24,32,OK
20250908020700,h1,10.0.0.1,10,41,5,78,OK
20250908020800,h1,10.0.0.1,26,68,47,81,LOSS
20250908020900,h1,10.0.0.1,86,73,26,96,OK
20250908021000,h1,10.0.0.1,43,78,38,54,OK
20250908021100,h1,10.0.0.1,42,30,8,5,OK
20250908021200,h1,10.0.0.1,91,13,20,51,OK
20250908021300,h1,10.0.0.1,58,92,10,73,OK
20250908021400,h1,10.0.0.1,92,94,3,13,OK
20250908021500,h1,10.0.0.1,76,18,21,55,OK
20250908021600,h1,10.0.0.1,66,88,14,45,OK
20250908021700,h1,10.0.0.1,73,76,26,60,OK
20250908021800,h1,10.0.0.1,49,29,14,8,OK
20250908021900,h1,10.0.0.1,17,57,16,62,OK
20250908022000,h1,10.0.0.1,32,24,7,42,LOSS
20250908022100,h1,10.0.0.1,47,28,32,25,OK
20250908022200,h1,10.0.0.1,16,99,46,97,OK
20250908022300,h1,10.0.0.1,62,50,7,44,OK
20250908022400,h1,10.0.0.1,94,73,6,83,OK
20250908022500,h1,10.0.0.1,78,28,8,28,OK
20250908022600,h1,10.0.0.1,11,60,3,51,OK
20250908022700,h1,10.0.0.1,60,5,41,88,OK
20250908022800,h1,10.0.0.1,36,89,26,72,OK
20250908022900,h1,10.0.0.1,22,57,35,29,OK
20250908023000,h1,10.0.0.1,14,23,46,29,OK
20250908023100,h1,10.0.0.1,37,99,46,7,OK
20250908023200,h1,10.0.0.1,8,10,4,75,OK
20250908023300,h1,10.0.0.1,33,57,42,81,OK
20250908023400,h1,10.0.0.1,85,8,14,42,OK
20250908023500,h1,10.0.0.1,69,39,16,3,OK
20250908023600,h1,10.0.0.1,80,35,10,34,OK
20250908023700,h1,10.0.0.1,9,41,13,5,OK
20250908023800,h1,10.0.0.1,32,20,21,66,OK
20250908023900,h1,10.0.0.1,88,25,3,71,OK
20250908024000,h1,10.0.0.1,9,63,27,44,OK
20250908024100,h1,10.0.0.1,83,29,37,91,OK
20250908024200,h1,10.0.0.1,29,76,15,10,OK
20250908024300,h1,10.0.0.1,90,57,0,16,OK
20250908024400,h1,10.0.0.1,12,98,11,48,OK
20250908024500,h1,10.0.0.1,38,94,38,35,OK
20250908024600,h1,10.0.0.1,34,8,41,23,OK
20250908024700,h1,10.0.0.1,79,43,40,47,LOSS
20250908024800,h1,10.0.0.1,20,33,27,50,OK
20250908024900,h1,10.0.0.1,44,86,47,51,OK
20250908025000,h1,10.0.0.1,89,38,44,48,OK
20250908025100,h1,10.0.0.1,18,78,2,18,OK
20250908025200,h1,10.0.0.1,55,76,30,44,OK
20250908025300,h1,10.0.0.1,93,43,3,65,OK
20250908025400,h1,10.0.0.1,47,99,19,16,OK
20250908025500,h1,10.0.0.1,90,48,28,66,OK
20250908025600,h1,10.0.0.1,99,87,46,20,OK
20250908025700,h1,10.0.0.1,4,39,15,77,OK
20250908025800,h1,10.0.0.1,89,48,38,62,OK
20250908025900,h1,10.0.0.1,66,42,34,77,OK
20250908030000,h1,10.0.0.1,81,39,42,18,OK
20250908030100,h1,10.0.0.1,28,48,4,51,OK
20250908030200,h1,10.0.0.1,22,80,35,78,OK
20250908030300,h1,10.0.0.1,69,21,38,44,OK
20250908030400,h1,10.0.0.1,3,30,40,9,OK
20250908030500,h1,10.0.0.1,19,2,11,66,OK
20250908030600,h1,10.0.0.1,82,45,9,40,OK
20250908030700,h1,10.0.0.1,14,62,18,67,OK
20250908030800,h1,10.0.0.1,24,95,46,13,OK
20250908030900,h1,10.0.0.1,44,28,40,72,OK
20250908031000,h1,10.0.0.1,69,96,42,35,OK
20250908031100,h1,10.0.0.1,28,82,34,73,LOSS
20250908031200,h1,10.0.0.1,30,75,26,29,OK
20250908031300,h1,10.0.0.1,78,64,46,41,OK
20250908031400,h1,10.0.0.1,90,29,30,9,OK
20250908031500,h1,10.0.0.1,7,83,18,9,OK
20250908031600,h1,10.0.0.1,91,18,9,52,OK
20250908031700,h1,10.0.0.1,47,61,40,53,OK
20250908031800,h1,10.0.0.1,20,11,43,67,OK
20250908031900,h1,10.0.0.1,56,89,34,75,OK
20250908032000,h1,10.0.0.1,24,70,16,11,OK
20250908032100,h1,10.0.0.1,60,56,28,5,OK
20250908032200,h1,10.0.0.1,59,93,17,84,OK
20250908032300,h1,10.0.0.1,50,80,11,83,OK
20250908032400,h1,10.0.0.1,47,75,21,82,LOSS
20250908032500,h1,10.0.0.1,26,37,1,57,OK
20250908032600,h1,10.0.0.1,29,30,13,87,OK
20250908032700,h1,10.0.0.1,98,94,25,41,OK
20250908032800,h1,10.0.0.1,13,81,36,54,OK
20250908032900,h1,10.0.0.1,19,90,46,27,OK
20250908033000,h1,10.0.0.1,15,79,9,19,OK
20250908033100,h1,10.0.0.1,28,53,41,85,LOSS
20250908033200,h1,10.0.0.1,81,63,4,81,OK
20250908033300,h1,10.0.0.1,93,83,0,89,OK
20250908033400,h1,10.0.0.1,9,14,49,82,OK
20250908033500,h1,10.0.0.1,13,72,20,69,OK
20250908033600,h1,10.0.0.1,85,2,6,81,OK
20250908033700,h1,10.0.0.1,78,43,19,99,OK
20250908033800,h1,10.0.0.1,46,30,37,68,OK
20250908033900,h1,10.0.0.1,95,88,31,49,LOSS
20250908034000,h1,10.0.0.1,9,56,14,60,OK
20250908034100,h1,10.0.0.1,16,15,36,71,OK
20250908034200,h1,10.0.0.1,55,34,30,22,OK
20250908034300,h1,10.0.0.1,55,64,34,79,OK
20250908034400,h1,10.0.0.1,37,89,20,49,OK
20250908034500,h1,10.0.0.1,84,57,22,22,LOSS
20250908034600,h1,10.0.0.1,12,67,7,98,OK
20250908034700,h1,10.0.0.1,85,97,29,64,OK
20250908034800,h1,10.0.0.1,37,28,47,42,OK
20250908034900,h1,10.0.0.1,85,91,3,88,OK
20250908035000,h1,10.0.0.1,97,25,1,52,OK
20250908035100,h1,10.0.0.1,86,25,10,89,OK
20250908035200,h1,10.0.0.1,79,82,2,25,OK
20250908035300,h1,10.0.0.1,33,37,28,61,OK
20250908035400,h1,10.0.0.1,23,12,1,63,OK
20250908035500,h1,10.0.0.1,36,3,46,8,OK
20250908035600,h1,10.0.0.1,66,30,5,24,OK
20250908035700,h1,10.0.0.1,17,1,31,77,OK
20250908035800,h1,10.0.0.1,92,28,0,98,OK
20250908035900,h1,10.0.0.1,53,34,31,85,OK
20250908040000,h1,10.0.0.1,13,57,49,18,OK
20250908040100,h1,10.0.0.1,81,71,17,76,OK
20250908040200,h1,10.0.0.1,41,61,6,36,OK
20250908040300,h1,10.0.0.1,76,44,8,73,OK
20250908040400,h1,10.0.0.1,1,75,8,10,OK
20250908040500,h1,10.0.0.1,22,82,35,40,OK
20250908040600,h1,10.0.0.1,65,57,31,97,OK
20250908040700,h1,10.0.0.1,3,69,30,50,OK
20250908040800,h1,10.0.0.1,31,18,43,48,OK
20250908040900,h1,10.0.0.1,31,65,27,29,OK
20250908041000,h1,10.0.0.1,80,88,2,37,OK
20250908041100,h1,10.0.0.1,99,77,12,42,OK
20250908041200,h1,10.0.0.1,17,64,45,2,OK
20250908041300,h1,10.0.0.1,80,53,47,26,OK
20250908041400,h1,10.0.0.1,72,34,14,45,OK
20250908041500,h1,10.0.0.1,44,2,37,25,OK
20250908041600,h1,10.0.0.1,44,33,12,8,OK
20250908041700,h1,10.0.0.1,54,91,49,64,OK
20250908041800,h1,10.0.0.1,54,36,21,25,OK
20250908041900,h1,10.0.0.1,77,46,5,16,OK
20250908042000,h1,10.0.0.1,41,87,3,55,OK
20250908042100,h1,10.0.0.1,13,97,11,43,OK
20250908042200,h1,10.0.0.1,69,84,20,65,OK
20250908042300,h1,10.0.0.1,8,35,11,68,OK
20250908042400,h1,10.0.0.1,82,96,7,16,OK
20250908042500,h1,10.0.0.1,66,83,11,17,OK
20250908042600,h1,10.0.0.1,27,58,40,70,OK
20250908042700,h1,10.0.0.1,93,60,28,86,OK
20250908042800,h1,10.0.0.1,65,77,43,82,OK
20250908042900,h1,10.0.0.1,61,67,46,79,OK
20250908043000,h1,10.0.0.1,16,12,42,79,OK
20250908043100,h1,10.0.0.1,99,78,15,75,OK
20250908043200,h1,10.0.0.1,90,53,32,92,OK
20250908043300,h1,10.0.0.1,71,65,30,16,OK
20250908043400,h1,10.0.0.1,26,66,2,47,OK
20250908043500,h1,10.0.0.1,45,53,47,13,OK
20250908043600,h1,10.0.0.1,33,22,38,82,OK
20250908043700,h1,10.0.0.1,81,95,26,31,OK
20250908043800,h1,10.0.0.1,34,70,34,83,OK
20250908043900,h1,10.0.0.1,83,54,31,66,OK
20250908044000,h1,10.0.0.1,90,70,37,19,OK
20250908044100,h1,10.0.0.1,80,71,31,71,LOSS
20250908044200,h1,10.0.0.1,6,28,20,90,OK
20250908044300,h1,10.0.0.1,57,62,24,38,OK
20250908044400,h1,10.0.0.1,57,37,17,26,OK
20250908044500,h1,10.0.0.1,99,69,45,18,OK
20250908044600,h1,10.0.0.1,58,5,38,18,OK
20250908044700,h1,10.0.0.1,79,55,30,39,OK
20250908044800,h1,10.0.0.1,91,7,34,79,OK
20250908044900,h1,10.0.0.1,24,14,32,90,OK
20250908045000,h1,10.0.0.1,76,35,0,42,OK
20250908045100,h1,10.0.0.1,16,79,20,51,OK
20250908045200,h1,10.0.0.1,86,39,9,21,OK
20250908045300,h1,10.0.0.1,1,98,8,17,LOSS
20250908045400,h1,10.0.0.1,38,98,41,71,OK
20250908045500,h1,10.0.0.1,71,12,27,27,OK
20250908045600,h1,10.0.0.1,53,88,47,32,OK
20250908045700,h1,10.0.0.1,52,28,40,65,OK
20250908045800,h1,10.0.0.1,16,54,23,41,OK
20250908045900,h1,10.0.0.1,37,84,5,71,OK
20250908050000,h1,10.0.0.1,86,66,37,61,OK
20250908050100,h1,10.0.0.1,30,10,2,45,OK
20250908050200,h1,10.0.0.1,40,92,34,98,OK
20250908050300,h1,10.0.0.1,15,94,1,61,OK
20250908050400,h1,10.0.0.1,40,86,37,37,OK
20250908050500,h1,10.0.0.1,19,53,7,55,OK
20250908050600,h1,10.0.0.1,44,32,40,57,OK
20250908050700,h1,10.0.0.1,22,8,2,78,OK
20250908050800,h1,10.0.0.1,75,8,0,92,OK
20250908050900,h1,10.0.0.1,45,82,11,96,OK
20250908051000,h1,10.0.0.1,13,46,43,80,OK
20250908051100,h1,10.0.0.1,97,96,44,40,OK
20250908051200,h1,10.0.0.1,59,15,40,29,OK
20250908051300,h1,10.0.0.1,84,73,36,30,OK
20250908051400,h1,10.0.0.1,70,91,17,86,OK
20250908051500,h1,10.0.0.1,55,11,16,30,OK
20250908051600,h1,10.0.0.1,87,99,47,75,LOSS
20250908051700,h1,10.0.0.1,34,52,49,80,OK
20250908051800,h1,10.0.0.1,95,14,1,69,OK
20250908051900,h1,10.0.0.1,20,52,28,71,OK
20250908052000,h1,10.0.0.1,93,67,11,19,OK
20250908052100,h1,10.0.0.1,98,33,21,90,OK
20250908052200,h1,10.0.0.1,85,68,23,74,OK
20250908052300,h1,10.0.0.1,55,94,12,48,OK
20250908052400,h1,10.0.0.1,62,51,43,6,OK
20250908052500,h1,10.0.0.1,77,53,25,67,OK
20250908052600,h1,10.0.0.1,25,63,36,57,OK
20250908052700,h1,10.0.0.1,98,91,39,5,OK
20250908052800,h1,10.0.0.1,45,18,7,16,OK
20250908052900,h1,10.0.0.1,97,50,13,47,OK
20250908053000,h1,10.0.0.1,31,49,15,59,OK
20250908053100,h1,10.0.0.1,21,62,6,13,OK
20250908053200,h1,10.0.0.1,43,5,17,7,OK
20250908053300,h1,10.0.0.1,61,12,48,31,OK
20250908053400,h1,10.0.0.1,4,70,28,16,LOSS
20250908053500,h1,10.0.0.1,82,88,13,57,OK
20250908053600,h1,10.0.0.1,38,52,31,20,OK
20250908053700,h1,10.0.0.1,50,50,36,24,LOSS
20250908053800,h1,10.0.0.1,89,26,45,35,OK
20250908053900,h1,10.0.0.1,44,51,22,29,OK
20250908054000,h1,10.0.0.1,40,17,15,58,OK
20250908054100,h1,10.0.0.1,83,89,46,97,OK
20250908054200,h1,10.0.0.1,6,68,5,25,OK
20250908054300,h1,10.0.0.1,61,72,40,1,OK
20250908054400,h1,10.0.0.1,5,46,20,27,OK
20250908054500,h1,10.0.0.1,59,70,12,64,OK
20250908054600,h1,10.0.0.1,62,83,10,72,OK
20250908054700,h1,10.0.0.1,24,10,12,72,OK
20250908054800,h1,10.0.0.1,75,84,2,15,OK
20250908054900,h1,10.0.0.1,21,6,7,21,OK
20250908055000,h1,10.0.0.1,15,97,26,20,OK
20250908055100,h1,10.0.0.1,37,69,46,43,OK
20250908055200,h1,10.0.0.1,84,2,24,14,OK
20250908055300,h1,10.0.0.1,55,18,8,21,LOSS
20250908055400,h1,10.0.0.1,97,49,31,85,OK
20250908055500,h1,10.0.0.1,89,99,13,97,OK
20250908055600,h1,10.0.0.1,55,26,44,19,OK
20250908055700,h1,10.0.0.1,45,81,8,11,OK
20250908055800,h1,10.0.0.1,28,50,26,80,OK
20250908055900,h1,10.0.0.1,81,38,2,36,OK
20250908060000,h1,10.0.0.1,93,50,49,33,OK
20250908060100,h1,10.0.0.1,31,18,14,79,OK
20250908060200,h1,10.0.0.1,75,56,14,6,OK
20250908060300,h1,10.0.0.1,91,92,48,10,OK
20250908060400,h1,10.0.0.1,13,6,2,67,OK
20250908060500,h1,10.0.0.1,44,9,48,70,OK
20250908060600,h1,10.0.0.1,31,30,35,66,OK
20250908060700,h1,10.0.0.1,93,51,48,60,OK
20250908060800,h1,10.0.0.1,60,2,7,90,OK
20250908060900,h1,10.0.0.1,77,63,2,26,OK
20250908061000,h1,10.0.0.1,32,69,41,63,OK
20250908061100,h1,10.0.0.1,61,44,16,19,OK
20250908061200,h1,10.0.0.1,70,38,10,12,OK
20250908061300,h1,10.0.0.1,28,13,46,80,OK
20250908061400,h1,10.0.0.1,34,92,4,85,OK
20250908061500,h1,10.0.0.1,60,95,25,42,OK
20250908061600,h1,10.0.0.1,87,66,0,60,OK
20250908061700,h1,10.0.0.1,80,80,29,25,OK
20250908061800,h1,10.0.0.1,95,70,30,68,OK
20250908061900,h1,10.0.0.1,4,63,43,7,OK
20250908062000,h1,10.0.0.1,48,57,45,28,OK
20250908062100,h1,10.0.0.1,11,57,33,50,OK
20250908062200,h1,10.0.0.1,71,77,4,95,OK
20250908062300,h1,10.0.0.1,52,50,43,87,OK
20250908062400,h1,10.0.0.1,92,85,4,85,OK
20250908062500,h1,10.0.0.1,14,95,28,5,OK
20250908062600,h1,10.0.0.1,79,76,10,79,OK
20250908062700,h1,10.0.0.1,28,41,16,26,LOSS
20250908062800,h1,10.0.0.1,35,81,22,80,OK
20250908062900,h1,10.0.0.1,99,12,39,12,OK
20250908063000,h1,10.0.0.1,75,18,2,39,OK
20250908063100,h1,10.0.0.1,1,71,38,2,OK
20250908063200,h1,10.0.0.1,3,69,2,47,OK
20250908063300,h1,10.0.0.1,94,24,38,72,OK
20250908063400,h1,10.0.0.1,43,78,37,59,OK
20250908063500,h1,10.0.0.1,57,68,27,71,OK
20250908063600,h1,10.0.0.1,49,38,23,44,OK
20250908063700,h1,10.0.0.1,32,64,18,38,OK
20250908063800,h1,10.0.0.1,53,2,4,89,OK
20250908063900,h1,10.0.0.1,91,69,0,18,OK
20250908064000,h1,10.0.0.1,25,98,5,35,LOSS
20250908064100,h1,10.0.0.1,74,90,23,62,OK
20250908064200,h1,10.0.0.1,75,6,20,55,OK
20250908064300,h1,10.0.0.1,18,7,42,74,OK
20250908064400,h1,10.0.0.1,33,58,8,26,OK
20250908064500,h1,10.0.0.1,91,90,18,81,OK
20250908064600,h1,10.0.0.1,18,95,34,35,LOSS
20250908064700,h1,10.0.0.1,54,43,49,78,OK
20250908064800,h1,10.0.0.1,62,40,27,93,OK
20250908064900,h1,10.0.0.1,4,61,10,24,OK
20250908065000,h1,10.0.0.1,4,99,19,84,OK
20250908065100,h1,10.0.0.1,50,81,32,29,OK
20250908065200,h1,10.0.0.1,84,84,22,62,OK
20250908065300,h1,10.0.0.1,5,5,44,57,OK
20250908065400,h1,10.0.0.1,67,86,12,90,OK
20250908065500,h1,10.0.0.1,70,8,8,29,OK
20250908065600,h1,10.0.0.1,53,44,16,84,OK
20250908065700,h1,10.0.0.1,22,15,41,9,OK
20250908065800,h1,10.0.0.1,26,85,33,59,OK
20250908065900,h1,10.0.0.1,65,93,47,88,LOSS
20250908070000,h1,10.0.0.1,52,35,14,43,OK
20250908070100,h1,10.0.0.1,38,44,9,22,OK
20250908070200,h1,10.0.0.1,25,12,49,28,LOSS
20250908070300,h1,10.0.0.1,85,90,10,8,OK
20250908070400,h1,10.0.0.1,94,97,24,36,OK
20250908070500,h1,10.0.0.1,98,54,22,49,OK
20250908070600,h1,10.0.0.1,26,85,3,49,OK
20250908070700,h1,10.0.0.1,48,39,33,17,OK
20250908070800,h1,10.0.0.1,3,52,21,74,OK
20250908070900,h1,10.0.0.1,57,93,29,83,OK
20250908071000,h1,10.0.0.1,17,12,37,30,OK
20250908071100,h1,10.0.0.1,57,51,37,26,OK
20250908071200,h1,10.0.0.1,20,78,45,33,OK
20250908071300,h1,10.0.0.1,56,75,47,80,OK
20250908071400,h1,10.0.0.1,89,62,9,99,OK
20250908071500,h1,10.0.0.1,44,7,11,27,OK
20250908071600,h1,10.0.0.1,95,14,37,70,OK
20250908071700,h1,10.0.0.1,74,97,16,5,OK
20250908071800,h1,10.0.0.1,9,79,8,28,OK
20250908071900,h1,10.0.0.1,10,85,7,25,OK
20250908072000,h1,10.0.0.1,49,38,35,70,OK
20250908072100,h1,10.0.0.1,47,12,49,52,OK
20250908072200,h1,10.0.0.1,71,23,45,48,OK
20250908072300,h1,10.0.0.1,91,62,3,19,OK
20250908072400,h1,10.0.0.1,13,44,15,20,OK
20250908072500,h1,10.0.0.1,1,38,37,23,OK
20250908072600,h1,10.0.0.1,34,57,46,99,OK
20250908072700,h1,10.0.0.1,10,49,36,60,OK
20250908072800,h1,10.0.0.1,83,4,47,85,OK
20250908072900,h1,10.0.0.1,92,63,19,4,OK
20250908073000,h1,10.0.0.1,16,86,46,89,OK
20250908073100,h1,10.0.0.1,80,37,45,51,LOSS
20250908073200,h1,10.0.0.1,22,71,13,72,OK
20250908073300,h1,10.0.0.1,41,17,30,63,OK
20250908073400,h1,10.0.0.1,1,92,24,97,OK
20250908073500,h1,10.0.0.1,83,21,32,69,OK
20250908073600,h1,10.0.0.1,45,91,15,91,OK
20250908073700,h1,10.0.0.1,88,33,3,25,OK
20250908073800,h1,10.0.0.1,67,62,9,94,OK
20250908073900,h1,10.0.0.1,80,98,30,75,LOSS
20250908074000,h1,10.0.0.1,83,58,11,64,OK
20250908074100,h1,10.0.0.1,50,66,22,73,OK
20250908074200,h1,10.0.0.1,3,94,16,13,OK
20250908074300,h1,10.0.0.1,23,76,33,55,LOSS
20250908074400,h1,10.0.0.1,65,55,38,64,OK
20250908074500,h1,10.0.0.1,61,40,24,65,OK
20250908074600,h1,10.0.0.1,77,16,15,21,OK
20250908074700,h1,10.0.0.1,5,39,40,10,OK
20250908074800,h1,10.0.0.1,11,17,26,30,OK
20250908074900,h1,10.0.0.1,49,68,42,26,OK
20250908075000,h1,10.0.0.1,46,56,18,30,OK
20250908075100,h1,10.0.0.1,29,40,33,37,LOSS
20250908075200,h1,10.0.0.1,5,63,26,73,OK
20250908075300,h1,10.0.0.1,42,95,5,69,OK
20250908075400,h1,10.0.0.1,15,7,1,8,OK
20250908075500,h1,10.0.0.1,99,89,9,51,OK
20250908075600,h1,10.0.0.1,88,52,3,84,OK
20250908075700,h1,10.0.0.1,16,8,36,54,LOSS
20250908075800,h1,10.0.0.1,12,9,4,43,OK
20250908075900,h1,10.0.0.1,31,63,47,82,OK
20250908080000,h1,10.0.0.1,98,24,17,14,OK
20250908080100,h1,10.0.0.1,98,20,48,77,OK
20250908080200,h1,10.0.0.1,33,17,45,43,OK
20250908080300,h1,10.0.0.1,15,44,27,25,OK
20250908080400,h1,10.0.0.1,8,69,6,75,OK
20250908080500,h1,10.0.0.1,62,79,3,5,OK
20250908080600,h1,10.0.0.1,1,27,35,11,OK
20250908080700,h1,10.0.0.1,44,36,28,99,LOSS
20250908080800,h1,10.0.0.1,75,50,48,16,OK
20250908080900,h1,10.0.0.1,23,91,13,91,OK
20250908081000,h1,10.0.0.1,63,31,42,73,OK
20250908081100,h1,10.0.0.1,17,2,32,33,OK
20250908081200,h1,10.0.0.1,43,10,28,12,OK
20250908081300,h1,10.0.0.1,46,41,42,10,OK
20250908081400,h1,10.0.0.1,49,59,3,6,OK
20250908081500,h1,10.0.0.1,61,31,38,8,OK
20250908081600,h1,10.0.0.1,44,21,16,30,OK
20250908081700,h1,10.0.0.1,40,80,20,59,OK
20250908081800,h1,10.0.0.1,76,42,2,49,OK
20250908081900,h1,10.0.0.1,93,3,21,26,OK
20250908082000,h1,10.0.0.1,88,28,47,68,OK
20250908082100,h1,10.0.0.1,90,84,49,14,OK
20250908082200,h1,10.0.0.1,13,18,20,76,OK
20250908082300,h1,10.0.0.1,18,84,35,56,OK
20250908082400,h1,10.0.0.1,40,77,22,56,OK
20250908082500,h1,10.0.0.1,99,79,48,14,OK
20250908082600,h1,10.0.0.1,90,39,3,74,OK
20250908082700,h1,10.0.0.1,25,63,13,81,OK
20250908082800,h1,10.0.0.1,49,62,14,41,OK
20250908082900,h1,10.0.0.1,9,44,17,93,OK
20250908083000,h1,10.0.0.1,45,39,28,68,OK
20250908083100,h1,10.0.0.1,31,79,11,22,OK
20250908083200,h1,10.0.0.1,28,66,25,9,OK
20250908083300,h1,10.0.0.1,70,28,21,92,OK
20250908083400,h1,10.0.0.1,19,41,2,88,OK
20250908083500,h1,10.0.0.1,29,41,26,42,OK
20250908083600,h1,10.0.0.1,45,73,0,12,OK
20250908083700,h1,10.0.0.1,93,5,9,7,OK
20250908083800,h1,10.0.0.1,18,51,32,53,OK
20250908083900,h1,10.0.0.1,45,60,28,43,OK
20250908084000,h1,10.0.0.1,37,17,1,36,OK
20250908084100,h1,10.0.0.1,41,72,34,16,OK
20250908084200,h1,10.0.0.1,91,60,1,75,OK
20250908084300,h1,10.0.0.1,85,36,41,42,OK
20250908084400,h1,10.0.0.1,12,36,20,51,OK
20250908084500,h1,10.0.0.1,14,41,25,79,OK
20250908084600,h1,10.0.0.1,30,28,21,55,OK
20250908084700,h1,10.0.0.1,45,30,7,26,OK
20250908084800,h1,10.0.0.1,37,40,6,23,OK
20250908084900,h1,10.0.0.1,95,64,39,4,OK
20250908085000,h1,10.0.0.1,27,98,35,78,OK
20250908085100,h1,10.0.0.1,90,61,35,35,OK
20250908085200,h1,10.0.0.1,44,63,25,84,OK
20250908085300,h1,10.0.0.1,1,52,26,58,OK
20250908085400,h1,10.0.0.1,59,41,27,49,OK
20250908085500,h1,10.0.0.1,45,71,34,28,OK
20250908085600,h1,10.0.0.1,5,95,2,60,OK
20250908085700,h1,10.0.0.1,46,1,19,86,OK
20250908085800,h1,10.0.0.1,68,89,34,23,OK
20250908085900,h1,10.0.0.1,48,15,21,74,OK
20250908090000,h1,10.0.0.1,39,40,2,9,OK
20250908090100,h1,10.0.0.1,97,49,45,11,OK
20250908090200,h1,10.0.0.1,80,24,5,6,OK
20250908090300,h1,10.0.0.1,31,30,34,29,OK
20250908090400,h1,10.0.0.1,50,47,44,76,OK
20250908090500,h1,10.0.0.1,87,2,9,11,OK
20250908090600,h1,10.0.0.1,26,10,15,36,OK
20250908090700,h1,10.0.0.1,1,71,44,31,OK
20250908090800,h1,10.0.0.1,76,98,33,12,LOSS
20250908090900,h1,10.0.0.1,95,93,12,91,OK
20250908091000,h1,10.0.0.1,76,24,48,20,OK
20250908091100,h1,10.0.0.1,34,36,21,79,OK
20250908091200,h1,10.0.0.1,75,89,46,53,OK
20250908091300,h1,10.0.0.1,54,51,36,8,OK
20250908091400,h1,10.0.0.1,88,97,0,79,OK
20250908091500,h1,10.0.0.1,46,25,25,11,OK
20250908091600,h1,10.0.0.1,81,27,25,17,OK
20250908091700,h1,10.0.0.1,68,41,12,69,OK
20250908091800,h1,10.0.0.1,95,25,45,9,OK
20250908091900,h1,10.0.0.1,87,57,5,75,OK
20250908092000,h1,10.0.0.1,22,43,42,31,OK
20250908092100,h1,10.0.0.1,87,55,39,64,OK
20250908092200,h1,10.0.0.1,36,31,47,19,OK
20250908092300,h1,10.0.0.1,84,17,35,5,OK
20250908092400,h1,10.0.0.1,84,66,29,83,OK
20250908092500,h1,10.0.0.1,47,91,4,77,OK
20250908092600,h1,10.0.0.1,32,54,23,59,LOSS
20250908092700,h1,10.0.0.1,19,42,19,8,OK
20250908092800,h1,10.0.0.1,71,12,21,80,OK
20250908092900,h1,10.0.0.1,96,17,8,94,OK
20250908093000,h1,10.0.0.1,91,7,5,19,OK
20250908093100,h1,10.0.0.1,49,20,24,6,OK
20250908093200,h1,10.0.0.1,60,19,15,62,OK
20250908093300,h1,10.0.0.1,35,9,2,24,OK
20250908093400,h1,10.0.0.1,54,62,48,13,OK
20250908093500,h1,10.0.0.1,40,38,44,95,OK
20250908093600,h1,10.0.0.1,34,82,44,32,OK
20250908093700,h1,10.0.0.1,65,4,17,23,OK
20250908093800,h1,10.0.0.1,90,33,46,8,OK
20250908093900,h1,10.0.0.1,56,38,43,73,OK
20250908094000,h1,10.0.0.1,31,46,48,89,OK
20250908094100,h1,10.0.0.1,33,6,44,59,OK
20250908094200,h1,10.0.0.1,4,10,41,41,OK
20250908094300,h1,10.0.0.1,38,71,20,4,LOSS
20250908094400,h1,10.0.0.1,17,67,44,35,OK
20250908094500,h1,10.0.0.1,79,79,32,32,OK
20250908094600,h1,10.0.0.1,11,89,36,68,OK
20250908094700,h1,10.0.0.1,3,84,28,10,OK
20250908094800,h1,10.0.0.1,99,67,11,19,OK
20250908094900,h1,10.0.0.1,97,86,15,58,OK
20250908095000,h1,10.0.0.1,96,30,26,53,OK
20250908095100,h1,10.0.0.1,27,88,19,10,OK
20250908095200,h1,10.0.0.1,42,73,12,55,OK
20250908095300,h1,10.0.0.1,99,53,47,17,OK
20250908095400,h1,10.0.0.1,83,81,32,7,OK
20250908095500,h1,10.0.0.1,66,38,43,43,OK
20250908095600,h1,10.0.0.1,85,46,41,10,OK
20250908095700,h1,10.0.0.1,95,76,2,83,OK
20250908095800,h1,10.0.0.1,18,12,15,9,OK
20250908095900,h1,10.0.0.1,39,46,37,13,OK
20250908100000,h1,10.0.0.1,56,19,20,34,OK
20250908100100,h1,10.0.0.1,83,18,10,23,OK
20250908100200,h1,10.0.0.1,82,7,47,86,OK
20250908100300,h1,10.0.0.1,85,56,7,88,OK
20250908100400,h1,10.0.0.1,54,31,40,23,OK
20250908100500,h1,10.0.0.1,30,51,41,62,OK
20250908100600,h1,10.0.0.1,94,91,14,39,LOSS
20250908100700,h1,10.0.0.1,31,34,31,30,OK
20250908100800,h1,10.0.0.1,44,75,46,51,OK
20250908100900,h1,10.0.0.1,15,63,2,89,OK
20250908101000,h1,10.0.0.1,57,7,35,3,OK
20250908101100,h1,10.0.0.1,68,1,18,87,OK
20250908101200,h1,10.0.0.1,7,8,36,9,LOSS
20250908101300,h1,10.0.0.1,69,26,13,13,OK
20250908101400,h1,10.0.0.1,35,82,5,2,OK
20250908101500,h1,10.0.0.1,93,91,15,93,OK
20250908101600,h1,10.0.0.1,43,18,1,26,LOSS
20250908101700,h1,10.0.0.1,9,30,4,93,OK
20250908101800,h1,10.0.0.1,12,27,5,31,OK
20250908101900,h1,10.0.0.1,10,13,39,31,OK
20250908102000,h1,10.0.0.1,11,82,23,52,OK
20250908102100,h1,10.0.0.1,15,94,38,83,OK
20250908102200,h1,10.0.0.1,5,90,14,23,OK
20250908102300,h1,10.0.0.1,31,79,35,59,OK
20250908102400,h1,10.0.0.1,31,15,37,64,OK
20250908102500,h1,10.0.0.1,65,26,26,85,OK
20250908102600,h1,10.0.0.1,57,92,1,31,LOSS
20250908102700,h1,10.0.0.1,76,99,16,93,OK
20250908102800,h1,10.0.0.1,59,7,41,15,OK
20250908102900,h1,10.0.0.1,9,18,42,47,OK
20250908103000,h1,10.0.0.1,49,45,49,53,OK
20250908103100,h1,10.0.0.1,40,22,30,21,OK
20250908103200,h1,10.0.0.1,77,69,40,15,OK
20250908103300,h1,10.0.0.1,54,28,22,21,OK
20250908103400,h1,10.0.0.1,71,39,32,66,LOSS
20250908103500,h1,10.0.0.1,63,74,30,66,OK
20250908103600,h1,10.0.0.1,12,18,19,75,OK
20250908103700,h1,10.0.0.1,57,21,38,18,OK
20250908103800,h1,10.0.0.1,82,44,28,22,OK
20250908103900,h1,10.0.0.1,96,88,39,20,OK
20250908104000,h1,10.0.0.1,54,72,23,34,OK
20250908104100,h1,10.0.0.1,63,2,39,22,OK
20250908104200,h1,10.0.0.1,34,63,48,62,OK
20250908104300,h1,10.0.0.1,99,7,3,36,OK
20250908104400,h1,10.0.0.1,35,7,43,21,OK
20250908104500,h1,10.0.0.1,61,5,47,44,OK
20250908104600,h1,10.0.0.1,90,81,6,83,OK
20250908104700,h1,10.0.0.1,70,29,25,32,OK
20250908104800,h1,10.0.0.1,52,83,41,70,OK
20250908104900,h1,10.0.0.1,6,75,29,28,OK
20250908105000,h1,10.0.0.1,10,80,27,77,OK
20250908105100,h1,10.0.0.1,99,93,18,48,OK
20250908105200,h1,10.0.0.1,81,33,5,11,OK
20250908105300,h1,10.0.0.1,30,15,12,67,OK
20250908105400,h1,10.0.0.1,32,14,9,43,OK
20250908105500,h1,10.0.0.1,66,27,0,7,OK
20250908105600,h1,10.0.0.1,36,50,26,57,OK
20250908105700,h1,10.0.0.1,76,5,47,64,OK
20250908105800,h1,10.0.0.1,96,78,20,56,OK
20250908105900,h1,10.0.0.1,83,70,48,6,OK
20250908110000,h1,10.0.0.1,92,84,1,29,OK
20250908110100,h1,10.0.0.1,83,83,37,40,OK
20250908110200,h1,10.0.0.1,44,84,45,91,OK
20250908110300,h1,10.0.0.1,5,72,49,41,OK
20250908110400,h1,10.0.0.1,82,87,34,60,OK
20250908110500,h1,10.0.0.1,64,85,42,84,OK
20250908110600,h1,10.0.0.1,11,39,4,74,OK
20250908110700,h1,10.0.0.1,87,16,29,23,OK
20250908110800,h1,10.0.0.1,72,3,12,77,OK
20250908110900,h1,10.0.0.1,62,36,9,6,OK
20250908111000,h1,10.0.0.1,37,65,4,25,OK
20250908111100,h1,10.0.0.1,96,67,6,99,OK
20250908111200,h1,10.0.0.1,36,87,38,31,OK
20250908111300,h1,10.0.0.1,19,72,34,59,LOSS
20250908111400,h1,10.0.0.1,56,52,34,66,OK
20250908111500,h1,10.0.0.1,4,82,46,11,OK
20250908111600,h1,10.0.0.1,4,29,38,33,OK
20250908111700,h1,10.0.0.1,95,26,15,67,OK
20250908111800,h1,10.0.0.1,25,33,7,8,OK
20250908111900,h1,10.0.0.1,77,35,16,93,OK
20250908112000,h1,10.0.0.1,20,56,38,61,OK
20250908112100,h1,10.0.0.1,44,6,1,65,OK
20250908112200,h1,10.0.0.1,25,82,17,8,OK
20250908112300,h1,10.0.0.1,7,29,2,74,OK
20250908112400,h1,10.0.0.1,70,20,30,52,OK
20250908112500,h1,10.0.0.1,56,15,16,48,OK
20250908112600,h1,10.0.0.1,73,25,28,66,OK
20250908112700,h1,10.0.0.1,83,71,26,16,OK
20250908112800,h1,10.0.0.1,76,93,29,43,OK
20250908112900,h1,10.0.0.1,54,19,32,65,OK
20250908113000,h1,10.0.0.1,55,15,46,77,OK
20250908113100,h1,10.0.0.1,40,99,41,19,OK
20250908113200,h1,10.0.0.1,90,61,31,97,LOSS
20250908113300,h1,10.0.0.1,96,28,49,60,OK
20250908113400,h1,10.0.0.1,51,52,23,64,OK
20250908113500,h1,10.0.0.1,51,39,27,84,OK
20250908113600,h1,10.0.0.1,88,63,3,97,OK
20250908113700,h1,10.0.0.1,52,55,11,78,OK
20250908113800,h1,10.0.0.1,63,76,30,18,OK
20250908113900,h1,10.0.0.1,34,94,40,11,OK
20250908114000,h1,10.0.0.1,75,76,25,25,OK
20250908114100,h1,10.0.0.1,34,85,15,96,OK
20250908114200,h1,10.0.0.1,9,40,33,12,OK
20250908114300,h1,10.0.0.1,66,69,29,27,OK
20250908114400,h1,10.0.0.1,42,33,19,10,OK
20250908114500,h1,10.0.0.1,23,16,32,25,OK
20250908114600,h1,10.0.0.1,91,40,45,99,OK
20250908114700,h1,10.0.0.1,46,29,9,89,OK
20250908114800,h1,10.0.0.1,87,73,40,45,OK
20250908114900,h1,10.0.0.1,37,40,6,64,OK
20250908115000,h1,10.0.0.1,16,86,23,27,OK
20250908115100,h1,10.0.0.1,13,77,16,59,OK
20250908115200,h1,10.0.0.1,12,62,27,19,OK
20250908115300,h1,10.0.0.1,71,16,32,19,OK
20250908115400,h1,10.0.0.1,8,52,32,59,OK
20250908115500,h1,10.0.0.1,84,38,42,25,OK
20250908115600,h1,10.0.0.1,16,9,43,85,OK
20250908115700,h1,10.0.0.1,99,88,10,57,OK
20250908115800,h1,10.0.0.1,45,78,6,56,OK
20250908115900,h1,10.0.0.1,90,83,0,55,OK
20250908120000,h1,10.0.0.1,89,66,21,4,OK
20250908120100,h1,10.0.0.1,4,87,43,91,OK
20250908120200,h1,10.0.0.1,10,27,4,52,OK
20250908120300,h1,10.0.0.1,56,4,44,75,OK
20250908120400,h1,10.0.0.1,45,67,16,98,OK
20250908120500,h1,10.0.0.1,60,9,44,80,LOSS
20250908120600,h1,10.0.0.1,78,35,21,45,OK
20250908120700,h1,10.0.0.1,29,33,2,65,OK
20250908120800,h1,10.0.0.1,61,86,16,36,OK
20250908120900,h1,10.0.0.1,76,7,7,90,OK
20250908121000,h1,10.0.0.1,58,42,25,75,OK
20250908121100,h1,10.0.0.1,10,93,39,52,OK
20250908121200,h1,10.0.0.1,70,75,33,56,OK
20250908121300,h1,10.0.0.1,22,3,27,44,OK
20250908121400,h1,10.0.0.1,20,95,25,26,OK
20250908121500,h1,10.0.0.1,25,37,43,54,OK
20250908121600,h1,10.0.0.1,46,66,48,48,OK
20250908121700,h1,10.0.0.1,69,95,15,89,OK
20250908121800,h1,10.0.0.1,81,98,34,78,OK
20250908121900,h1,10.0.0.1,64,42,6,41,OK
20250908122000,h1,10.0.0.1,78,93,13,46,OK
20250908122100,h1,10.0.0.1,72,73,14,98,OK
20250908122200,h1,10.0.0.1,85,84,26,85,OK
20250908122300,h1,10.0.0.1,36,24,48,2,OK
20250908122400,h1,10.0.0.1,82,22,43,6,OK
20250908122500,h1,10.0.0.1,69,11,43,43,OK
20250908122600,h1,10.0.0.1,73,33,2,27,OK
20250908122700,h1,10.0.0.1,13,21,30,13,OK
20250908122800,h1,10.0.0.1,94,19,21,24,OK
20250908122900,h1,10.0.0.1,56,96,6,61,OK
20250908123000,h1,10.0.0.1,46,21,46,47,OK
20250908123100,h1,10.0.0.1,19,62,11,59,OK
20250908123200,h1,10.0.0.1,65,66,24,25,OK
20250908123300,h1,10.0.0.1,92,90,33,37,OK
20250908123400,h1,10.0.0.1,71,66,29,37,OK
20250908123500,h1,10.0.0.1,11,51,8,75,OK
20250908123600,h1,10.0.0.1,81,39,29,64,OK
20250908123700,h1,10.0.0.1,98,70,12,44,OK
20250908123800,h1,10.0.0.1,73,58,26,75,OK
20250908123900,h1,10.0.0.1,10,57,29,9,OK
20250908124000,h1,10.0.0.1,7,20,3,56,OK
20250908124100,h1,10.0.0.1,7,52,7,1,OK
20250908124200,h1,10.0.0.1,44,66,12,37,LOSS
20250908124300,h1,10.0.0.1,10,85,14,64,OK
20250908124400,h1,10.0.0.1,97,66,35,42,OK
20250908124500,h1,10.0.0.1,48,80,17,81,OK
20250908124600,h1,10.0.0.1,48,15,9,62,OK
20250908124700,h1,10.0.0.1,10,35,33,95,OK
20250908124800,h1,10.0.0.1,97,89,22,89,LOSS
20250908124900,h1,10.0.0.1,97,91,46,76,OK
20250908125000,h1,10.0.0.1,30,88,37,33,OK
20250908125100,h1,10.0.0.1,65,19,15,31,OK
20250908125200,h1,10.0.0.1,82,97,3,93,OK
20250908125300,h1,10.0.0.1,41,67,4,20,OK
20250908125400,h1,10.0.0.1,45,54,43,18,OK
20250908125500,h1,10.0.0.1,87,66,0,87,OK
20250908125600,h1,10.0.0.1,60,92,2,64,OK
20250908125700,h1,10.0.0.1,55,6,32,83,OK
20250908125800,h1,10.0.0.1,36,11,6,5,OK
20250908125900,h1,10.0.0.1,85,14,4,27,LOSS
20250908130000,h1,10.0.0.1,47,82,39,15,OK
20250908130100,h1,10.0.0.1,80,57,29,55,OK
20250908130200,h1,10.0.0.1,3,63,26,59,OK
20250908130300,h1,10.0.0.1,80,5,6,65,OK
20250908130400,h1,10.0.0.1,53,99,21,85,OK
20250908130500,h1,10.0.0.1,80,49,15,53,OK
20250908130600,h1,10.0.0.1,72,48,45,46,OK
20250908130700,h1,10.0.0.1,44,24,1,97,OK
20250908130800,h1,10.0.0.1,96,67,2,65,OK
20250908130900,h1,10.0.0.1,59,97,24,71,OK
20250908131000,h1,10.0.0.1,95,13,19,85,OK
20250908131100,h1,10.0.0.1,75,69,9,4,OK
20250908131200,h1,10.0.0.1,32,93,6,38,OK
20250908131300,h1,10.0.0.1,40,75,4,52,OK
20250908131400,h1,10.0.0.1,21,67,7,25,OK
20250908131500,h1,10.0.0.1,88,86,10,49,OK
20250908131600,h1,10.0.0.1,79,38,19,86,OK
20250908131700,h1,10.0.0.1,47,41,49,3,OK
20250908131800,h1,10.0.0.1,45,69,39,82,OK
20250908131900,h1,10.0.0.1,46,28,46,37,OK
20250908132000,h1,10.0.0.1,8,79,40,87,OK
20250908132100,h1,10.0.0.1,21,69,44,26,OK
20250908132200,h1,10.0.0.1,44,30,22,65,OK
20250908132300,h1,10.0.0.1,52,26,48,44,OK
20250908132400,h1,10.0.0.1,74,30,4,68,OK
20250908132500,h1,10.0.0.1,83,42,34,33,OK
20250908132600,h1,10.0.0.1,2,30,14,21,OK
20250908132700,h1,10.0.0.1,65,40,47,68,OK
20250908132800,h1,10.0.0.1,84,59,34,10,OK
20250908132900,h1,10.0.0.1,50,37,40,83,OK
20250908133000,h1,10.0.0.1,39,66,6,16,OK
20250908133100,h1,10.0.0.1,45,51,18,86,OK
20250908133200,h1,10.0.0.1,48,47,25,31,OK
20250908133300,h1,10.0.0.1,51,52,23,21,OK
20250908133400,h1,10.0.0.1,93,96,34,15,OK
20250908133500,h1,10.0.0.1,4,91,28,55,OK
20250908133600,h1,10.0.0.1,33,89,29,56,LOSS
20250908133700,h1,10.0.0.1,28,71,1,66,OK
20250908133800,h1,10.0.0.1,48,13,32,28,OK
20250908133900,h1,10.0.0.1,75,58,11,49,OK
20250908134000,h1,10.0.0.1,39,44,4,10,OK
20250908134100,h1,10.0.0.1,32,41,49,97,OK
20250908134200,h1,10.0.0.1,21,61,31,54,OK
20250908134300,h1,10.0.0.1,45,50,44,7,OK
20250908134400,h1,10.0.0.1,46,13,38,66,OK
20250908134500,h1,10.0.0.1,54,13,34,82,OK
20250908134600,h1,10.0.0.1,8,81,27,88,OK
20250908134700,h1,10.0.0.1,47,25,34,96,OK
20250908134800,h1,10.0.0.1,93,37,12,50,OK
20250908134900,h1,10.0.0.1,12,27,31,4,OK
20250908135000,h1,10.0.0.1,43,58,49,2,OK
20250908135100,h1,10.0.0.1,36,34,29,51,OK
20250908135200,h1,10.0.0.1,48,84,9,49,OK
20250908135300,h1,10.0.0.1,58,33,4,36,OK
20250908135400,h1,10.0.0.1,36,88,20,6,OK
20250908135500,h1,10.0.0.1,9,10,42,54,OK
20250908135600,h1,10.0.0.1,53,27,45,56,OK
20250908135700,h1,10.0.0.1,31,82,10,55,OK
20250908135800,h1,10.0.0.1,45,72,39,37,OK
20250908135900,h1,10.0.0.1,21,56,7,79,OK
20250908140000,h1,10.0.0.1,19,16,5,83,LOSS
20250908140100,h1,10.0.0.1,53,47,35,40,OK
20250908140200,h1,10.0.0.1,77,27,9,68,OK
20250908140300,h1,10.0.0.1,98,39,45,2,OK
20250908140400,h1,10.0.0.1,11,6,9,30,OK
20250908140500,h1,10.0.0.1,77,3,0,27,OK
20250908140600,h1,10.0.0.1,98,60,43,51,OK
20250908140700,h1,10.0.0.1,38,6,19,71,OK
20250908140800,h1,10.0.0.1,53,83,30,77,OK
20250908140900,h1,10.0.0.1,66,9,3,21,OK
20250908141000,h1,10.0.0.1,16,82,25,3,OK
20250908141100,h1,10.0.0.1,77,89,27,70,OK
20250908141200,h1,10.0.0.1,39,10,25,43,OK
20250908141300,h1,10.0.0.1,38,40,49,2,OK
20250908141400,h1,10.0.0.1,61,76,28,37,OK
20250908141500,h1,10.0.0.1,65,98,11,8,OK
20250908141600,h1,10.0.0.1,27,47,21,94,OK
20250908141700,h1,10.0.0.1,45,42,42,78,LOSS
20250908141800,h1,10.0.0.1,35,39,29,54,OK
20250908141900,h1,10.0.0.1,26,55,40,17,OK
20250908142000,h1,10.0.0.1,67,68,9,71,LOSS
20250908142100,h1,10.0.0.1,95,77,17,46,OK
20250908142200,h1,10.0.0.1,52,70,27,6,OK
20250908142300,h1,10.0.0.1,43,66,47,29,OK
20250908142400,h1,10.0.0.1,94,90,8,33,OK
20250908142500,h1,10.0.0.1,30,78,21,61,OK
20250908142600,h1,10.0.0.1,1,25,40,22,OK
20250908142700,h1,10.0.0.1,73,34,42,86,OK
20250908142800,h1,10.0.0.1,69,83,11,34,OK
20250908142900,h1,10.0.0.1,86,63,22,71,OK
20250908143000,h1,10.0.0.1,84,50,22,39,OK
20250908143100,h1,10.0.0.1,98,69,43,42,OK
20250908143200,h1,10.0.0.1,61,82,45,92,OK
20250908143300,h1,10.0.0.1,16,86,23,53,OK
20250908143400,h1,10.0.0.1,24,40,8,85,OK
20250908143500,h1,10.0.0.1,87,32,42,60,OK
20250908143600,h1,10.0.0.1,20,41,24,16,OK
20250908143700,h1,10.0.0.1,78,52,3,33,OK
20250908143800,h1,10.0.0.1,48,96,6,57,OK
20250908143900,h1,10.0.0.1,79,1,10,58,OK
20250908144000,h1,10.0.0.1,78,60,4,16,OK
20250908144100,h1,10.0.0.1,13,95,3,79,OK
20250908144200,h1,10.0.0.1,74,44,43,60,OK
20250908144300,h1,10.0.0.1,91,61,15,34,OK
20250908144400,h1,10.0.0.1,34,1,33,38,OK
20250908144500,h1,10.0.0.1,48,68,9,4,OK
20250908144600,h1,10.0.0.1,42,85,30,99,OK
20250908144700,h1,10.0.0.1,23,46,33,51,OK
20250908144800,h1,10.0.0.1,60,15,37,41,OK
20250908144900,h1,10.0.0.1,74,86,27,65,OK
20250908145000,h1,10.0.0.1,94,76,19,95,OK
20250908145100,h1,10.0.0.1,87,25,40,68,OK
20250908145200,h1,10.0.0.1,5,8,27,64,OK
20250908145300,h1,10.0.0.1,73,25,3,71,OK
20250908145400,h1,10.0.0.1,62,35,3,30,OK
20250908145500,h1,10.0.0.1,98,45,32,38,OK
20250908145600,h1,10.0.0.1,46,10,24,71,LOSS
20250908145700,h1,10.0.0.1,35,79,17,22,OK
20250908145800,h1,10.0.0.1,5,19,8,92,OK
20250908145900,h1,10.0.0.1,75,63,49,96,OK
20250908150000,h1,10.0.0.1,29,15,7,65,OK
20250908150100,h1,10.0.0.1,46,60,38,35,OK
20250908150200,h1,10.0.0.1,70,5,22,30,OK
20250908150300,h1,10.0.0.1,40,40,19,24,OK
20250908150400,h1,10.0.0.1,90,12,22,9,OK
20250908150500,h1,10.0.0.1,90,20,45,56,OK
20250908150600,h1,10.0.0.1,92,51,41,22,OK
20250908150700,h1,10.0.0.1,79,73,45,80,OK
20250908150800,h1,10.0.0.1,83,45,38,92,OK
20250908150900,h1,10.0.0.1,48,55,1,53,OK
20250908151000,h1,10.0.0.1,33,21,37,69,OK
20250908151100,h1,10.0.0.1,50,69,21,70,LOSS
20250908151200,h1,10.0.0.1,89,91,46,54,OK
20250908151300,h1,10.0.0.1,70,57,38,52,OK
20250908151400,h1,10.0.0.1,12,81,15,80,OK
20250908151500,h1,10.0.0.1,83,10,21,47,OK
20250908151600,h1,10.0.0.1,57,78,31,86,OK
20250908151700,h1,10.0.0.1,34,39,3,56,OK
20250908151800,h1,10.0.0.1,93,11,27,8,OK
20250908151900,h1,10.0.0.1,10,51,35,23,OK
20250908152000,h1,10.0.0.1,80,35,42,97,OK
20250908152100,h1,10.0.0.1,68,21,37,61,OK
20250908152200,h1,10.0.0.1,80,2,8,77,OK
20250908152300,h1,10.0.0.1,77,83,44,35,OK
20250908152400,h1,10.0.0.1,75,72,12,38,OK
20250908152500,h1,10.0.0.1,27,8,34,36,OK
20250908152600,h1,10.0.0.1,55,55,49,86,OK
20250908152700,h1,10.0.0.1,20,90,33,1,OK
20250908152800,h1,10.0.0.1,16,88,31,57,LOSS
20250908152900,h1,10.0.0.1,4,3,43,73,OK
20250908153000,h1,10.0.0.1,29,13,35,20,OK
20250908153100,h1,10.0.0.1,53,29,47,61,OK
20250908153200,h1,10.0.0.1,69,26,17,63,OK
20250908153300,h1,10.0.0.1,26,45,44,53,OK
20250908153400,h1,10.0.0.1,91,63,11,16,OK
20250908153500,h1,10.0.0.1,62,89,37,81,OK
20250908153600,h1,10.0.0.1,59,82,13,36,OK
20250908153700,h1,10.0.0.1,17,64,19,16,OK
20250908153800,h1,10.0.0.1,79,16,13,59,OK
20250908153900,h1,10.0.0.1,42,1,8,98,OK
20250908154000,h1,10.0.0.1,88,27,2,87,OK
20250908154100,h1,10.0.0.1,19,50,34,4,OK
20250908154200,h1,10.0.0.1,97,30,27,56,LOSS
20250908154300,h1,10.0.0.1,56,9,1,86,OK
20250908154400,h1,10.0.0.1,33,45,28,58,OK
20250908154500,h1,10.0.0.1,7,14,1,91,LOSS
20250908154600,h1,10.0.0.1,7,91,21,84,OK
20250908154700,h1,10.0.0.1,20,81,34,66,OK
20250908154800,h1,10.0.0.1,8,63,8,53,OK
20250908154900,h1,10.0.0.1,89,47,23,85,OK
20250908155000,h1,10.0.0.1,21,94,1,14,OK
20250908155100,h1,10.0.0.1,25,19,31,53,OK
20250908155200,h1,10.0.0.1,82,87,30,73,OK
20250908155300,h1,10.0.0.1,46,75,30,57,OK
20250908155400,h1,10.0.0.1,23,62,19,27,OK
20250908155500,h1,10.0.0.1,10,78,1,2,OK
20250908155600,h1,10.0.0.1,51,62,19,6,OK
20250908155700,h1,10.0.0.1,10,79,1,76,OK
20250908155800,h1,10.0.0.1,22,11,21,40,OK
20250908155900,h1,10.0.0.1,95,63,22,49,OK
20250908160000,h1,10.0.0.1,7,88,7,7,OK
20250908160100,h1,10.0.0.1,65,26,26,77,OK
20250908160200,h1,10.0.0.1,19,21,6,20,OK
20250908160300,h1,10.0.0.1,33,53,31,30,OK
20250908160400,h1,10.0.0.1,41,48,35,91,OK
20250908160500,h1,10.0.0.1,19,49,37,2,OK
20250908160600,h1,10.0.0.1,93,32,48,95,OK
20250908160700,h1,10.0.0.1,67,79,43,26,LOSS
20250908160800,h1,10.0.0.1,10,73,36,93,OK
20250908160900,h1,10.0.0.1,91,70,15,95,OK
20250908161000,h1,10.0.0.1,71,35,44,6,LOSS
20250908161100,h1,10.0.0.1,35,57,19,37,OK
20250908161200,h1,10.0.0.1,82,64,34,77,OK
20250908161300,h1,10.0.0.1,41,34,34,5,OK
20250908161400,h1,10.0.0.1,80,98,48,73,OK
20250908161500,h1,10.0.0.1,43,12,21,19,OK
20250908161600,h1,10.0.0.1,40,14,6,86,OK
20250908161700,h1,10.0.0.1,58,34,21,13,OK
20250908161800,h1,10.0.0.1,52,41,18,11,OK
20250908161900,h1,10.0.0.1,3,82,36,51,OK
20250908162000,h1,10.0.0.1,86,84,14,89,LOSS
20250908162100,h1,10.0.0.1,16,81,3,45,OK
20250908162200,h1,10.0.0.1,16,8,20,71,OK
20250908162300,h1,10.0.0.1,65,92,6,81,OK
20250908162400,h1,10.0.0.1,62,90,6,80,OK
20250908162500,h1,10.0.0.1,76,66,36,83,OK
20250908162600,h1,10.0.0.1,75,87,8,35,OK
20250908162700,h1,10.0.0.1,39,94,4,58,OK
20250908162800,h1,10.0.0.1,47,54,24,14,OK
20250908162900,h1,10.0.0.1,33,49,27,23,OK
20250908163000,h1,10.0.0.1,21,86,30,19,OK
20250908163100,h1,10.0.0.1,70,13,13,15,OK
20250908163200,h1,10.0.0.1,12,75,7,8,OK
20250908163300,h1,10.0.0.1,42,85,12,36,LOSS
20250908163400,h1,10.0.0.1,45,83,45,76,OK
20250908163500,h1,10.0.0.1,39,20,20,41,OK
20250908163600,h1,10.0.0.1,35,54,25,44,OK
20250908163700,h1,10.0.0.1,30,15,42,66,OK
20250908163800,h1,10.0.0.1,3,62,46,70,OK
20250908163900,h1,10.0.0.1,57,35,33,45,LOSS
20250908164000,h1,10.0.0.1,66,6,46,31,OK
20250908164100,h1,10.0.0.1,24,82,48,68,OK
20250908164200,h1,10.0.0.1,95,45,5,64,OK
20250908164300,h1,10.0.0.1,10,18,13,66,OK
20250908164400,h1,10.0.0.1,4,60,31,94,OK
20250908164500,h1,10.0.0.1,83,72,3,70,OK
20250908164600,h1,10.0.0.1,80,89,11,37,OK
20250908164700,h1,10.0.0.1,95,10,48,18,OK
20250908164800,h1,10.0.0.1,27,76,26,40,OK
20250908164900,h1,10.0.0.1,59,23,25,11,OK
20250908165000,h1,10.0.0.1,10,8,32,46,OK
20250908165100,h1,10.0.0.1,97,67,27,54,OK
20250908165200,h1,10.0.0.1,46,67,2,46,LOSS
20250908165300,h1,10.0.0.1,21,66,15,8,OK
20250908165400,h1,10.0.0.1,26,89,29,87,OK
20250908165500,h1,10.0.0.1,97,6,0,77,OK
20250908165600,h1,10.0.0.1,44,11,48,95,OK
20250908165700,h1,10.0.0.1,93,19,47,34,OK
20250908165800,h1,10.0.0.1,77,11,45,50,OK
20250908165900,h1,10.0.0.1,88,38,18,42,LOSS
20250908170000,h1,10.0.0.1,4,52,21,61,OK
20250908170100,h1,10.0.0.1,60,57,29,69,OK
20250908170200,h1,10.0.0.1,54,16,35,64,OK
20250908170300,h1,10.0.0.1,12,6,45,79,OK
20250908170400,h1,10.0.0.1,45,21,30,59,OK
20250908170500,h1,10.0.0.1,99,85,46,14,OK
20250908170600,h1,10.0.0.1,45,97,17,31,OK
20250908170700,h1,10.0.0.1,31,94,44,29,OK
20250908170800,h1,10.0.0.1,21,40,37,87,OK
20250908170900,h1,10.0.0.1,11,39,8,68,OK
20250908171000,h1,10.0.0.1,21,74,33,89,OK
20250908171100,h1,10.0.0.1,31,61,11,58,OK
20250908171200,h1,10.0.0.1,64,23,45,3,OK
20250908171300,h1,10.0.0.1,56,78,0,13,OK
20250908171400,h1,10.0.0.1,55,44,48,47,OK
20250908171500,h1,10.0.0.1,86,29,29,93,OK
20250908171600,h1,10.0.0.1,55,86,46,88,OK
20250908171700,h1,10.0.0.1,21,27,24,96,OK
20250908171800,h1,10.0.0.1,47,62,22,53,OK
20250908171900,h1,10.0.0.1,35,52,46,64,OK
20250908172000,h1,10.0.0.1,72,62,27,67,OK
20250908172100,h1,10.0.0.1,98,24,38,42,OK
20250908172200,h1,10.0.0.1,58,89,24,77,OK
20250908172300,h1,10.0.0.1,34,8,23,80,OK
20250908172400,h1,10.0.0.1,37,36,16,87,OK
20250908172500,h1,10.0.0.1,67,11,36,59,OK
20250908172600,h1,10.0.0.1,29,37,32,62,OK
20250908172700,h1,10.0.0.1,93,95,14,97,OK
20250908172800,h1,10.0.0.1,42,77,32,71,OK
20250908172900,h1,10.0.0.1,4,25,12,36,OK
20250908173000,h1,10.0.0.1,11,61,15,68,OK
20250908173100,h1,10.0.0.1,89,49,31,92,OK
20250908173200,h1,10.0.0.1,80,60,21,53,OK
20250908173300,h1,10.0.0.1,99,95,35,68,OK
20250908173400,h1,10.0.0.1,75,72,10,58,OK
20250908173500,h1,10.0.0.1,68,21,38,8,OK
20250908173600,h1,10.0.0.1,25,47,12,53,OK
20250908173700,h1,10.0.0.1,66,57,37,49,OK
20250908173800,h1,10.0.0.1,41,37,7,99,OK
20250908173900,h1,10.0.0.1,7,8,30,69,LOSS
20250908174000,h1,10.0.0.1,75,30,26,27,OK
20250908174100,h1,10.0.0.1,51,42,39,20,OK
20250908174200,h1,10.0.0.1,66,59,16,45,OK
20250908174300,h1,10.0.0.1,34,71,24,86,LOSS
20250908174400,h1,10.0.0.1,29,24,36,19,OK
20250908174500,h1,10.0.0.1,25,98,13,67,OK
20250908174600,h1,10.0.0.1,94,87,27,61,OK
20250908174700,h1,10.0.0.1,86,81,6,61,OK
20250908174800,h1,10.0.0.1,6,77,37,17,OK
20250908174900,h1,10.0.0.1,76,35,44,78,OK
20250908175000,h1,10.0.0.1,19,78,4,28,OK
20250908175100,h1,10.0.0.1,46,39,38,12,OK
20250908175200,h1,10.0.0.1,22,35,32,45,OK
20250908175300,h1,10.0.0.1,74,52,39,23,OK
20250908175400,h1,10.0.0.1,18,55,24,50,OK
20250908175500,h1,10.0.0.1,50,1,48,16,OK
20250908175600,h1,10.0.0.1,19,87,45,8,OK
20250908175700,h1,10.0.0.1,85,61,20,92,OK
20250908175800,h1,10.0.0.1,40,71,25,59,OK
20250908175900,h1,10.0.0.1,37,3,18,64,OK
20250908180000,h1,10.0.0.1,52,54,7,14,OK
20250908180100,h1,10.0.0.1,26,62,26,5,OK
20250908180200,h1,10.0.0.1,31,12,21,31,OK
20250908180300,h1,10.0.0.1,9,9,20,20,OK
20250908180400,h1,10.0.0.1,51,35,11,57,OK
20250908180500,h1,10.0.0.1,3,4,9,91,OK
20250908180600,h1,10.0.0.1,65,82,4,41,OK
20250908180700,h1,10.0.0.1,2,45,40,20,OK
20250908180800,h1,10.0.0.1,36,79,21,89,OK
20250908180900,h1,10.0.0.1,89,68,31,94,OK
20250908181000,h1,10.0.0.1,74,7,9,35,OK
20250908181100,h1,10.0.0.1,93,12,21,60,OK
20250908181200,h1,10.0.0.1,83,80,6,93,OK
20250908181300,h1,10.0.0.1,42,72,22,49,OK
20250908181400,h1,10.0.0.1,11,87,46,23,OK
20250908181500,h1,10.0.0.1,15,68,25,75,LOSS
20250908181600,h1,10.0.0.1,72,17,28,1,OK
20250908181700,h1,10.0.0.1,48,96,24,35,OK
20250908181800,h1,10.0.0.1,99,74,11,17,OK
20250908181900,h1,10.0.0.1,5,23,1,2,OK
20250908182000,h1,10.0.0.1,41,60,43,48,OK
20250908182100,h1,10.0.0.1,60,38,5,84,OK
20250908182200,h1,10.0.0.1,9,68,22,47,OK
20250908182300,h1,10.0.0.1,18,37,29,66,OK
20250908182400,h1,10.0.0.1,56,86,15,81,OK
20250908182500,h1,10.0.0.1,90,30,17,15,OK
20250908182600,h1,10.0.0.1,51,15,32,28,OK
20250908182700,h1,10.0.0.1,75,26,20,15,OK
20250908182800,h1,10.0.0.1,34,82,7,85,OK
20250908182900,h1,10.0.0.1,62,65,36,21,OK
20250908183000,h1,10.0.0.1,5,34,20,59,OK
20250908183100,h1,10.0.0.1,71,57,0,14,OK
20250908183200,h1,10.0.0.1,82,78,34,47,OK
20250908183300,h1,10.0.0.1,75,56,42,41,OK
20250908183400,h1,10.0.0.1,6,16,0,20,OK
20250908183500,h1,10.0.0.1,85,22,13,75,OK
20250908183600,h1,10.0.0.1,85,82,22,20,OK
20250908183700,h1,10.0.0.1,46,24,25,28,OK
20250908183800,h1,10.0.0.1,70,9,13,60,OK
20250908183900,h1,10.0.0.1,87,64,6,62,OK
20250908184000,h1,10.0.0.1,86,27,2,95,OK
20250908184100,h1,10.0.0.1,83,62,44,11,OK
20250908184200,h1,10.0.0.1,89,77,20,96,OK
20250908184300,h1,10.0.0.1,42,72,1,9,OK
20250908184400,h1,10.0.0.1,64,42,41,88,OK
20250908184500,h1,10.0.0.1,19,18,26,42,OK
20250908184600,h1,10.0.0.1,68,49,28,36,OK
20250908184700,h1,10.0.0.1,14,95,26,84,OK
20250908184800,h1,10.0.0.1,7,19,29,84,OK
20250908184900,h1,10.0.0.1,9,54,24,67,OK
20250908185000,h1,10.0.0.1,5,11,2,24,OK
20250908185100,h1,10.0.0.1,12,66,16,6,OK
20250908185200,h1,10.0.0.1,61,86,17,84,OK
20250908185300,h1,10.0.0.1,91,10,7,71,OK
20250908185400,h1,10.0.0.1,71,26,33,89,OK
20250908185500,h1,10.0.0.1,17,18,5,88,OK
20250908185600,h1,10.0.0.1,52,61,8,96,OK
20250908185700,h1,10.0.0.1,25,85,31,60,OK
20250908185800,h1,10.0.0.1,26,85,8,92,OK
20250908185900,h1,10.0.0.1,34,66,23,28,OK
20250908190000,h1,10.0.0.1,54,51,35,54,OK
20250908190100,h1,10.0.0.1,68,28,2,21,OK
20250908190200,h1,10.0.0.1,87,4,44,85,OK
20250908190300,h1,10.0.0.1,4,31,32,36,LOSS
20250908190400,h1,10.0.0.1,24,50,47,52,OK
20250908190500,h1,10.0.0.1,98,27,39,54,OK
20250908190600,h1,10.0.0.1,16,34,16,27,OK
20250908190700,h1,10.0.0.1,81,47,15,32,OK
20250908190800,h1,10.0.0.1,63,6,34,90,OK
20250908190900,h1,10.0.0.1,72,75,5,25,OK
20250908191000,h1,10.0.0.1,14,86,42,12,OK
20250908191100,h1,10.0.0.1,86,19,37,22,OK
20250908191200,h1,10.0.0.1,40,2,7,48,OK
20250908191300,h1,10.0.0.1,32,33,9,15,OK
20250908191400,h1,10.0.0.1,65,12,16,42,OK
20250908191500,h1,10.0.0.1,25,48,7,29,OK
20250908191600,h1,10.0.0.1,41,42,38,27,OK
20250908191700,h1,10.0.0.1,50,55,39,50,OK
20250908191800,h1,10.0.0.1,69,69,49,42,OK
20250908191900,h1,10.0.0.1,27,71,20,20,OK
20250908192000,h1,10.0.0.1,53,68,46,13,OK
20250908192100,h1,10.0.0.1,97,9,14,88,OK
20250908192200,h1,10.0.0.1,91,4,18,8,OK
20250908192300,h1,10.0.0.1,13,77,31,99,OK
20250908192400,h1,10.0.0.1,54,62,27,14,OK
20250908192500,h1,10.0.0.1,82,75,20,11,OK
20250908192600,h1,10.0.0.1,7,5,18,27,OK
20250908192700,h1,10.0.0.1,32,74,34,73,OK
20250908192800,h1,10.0.0.1,25,26,39,72,OK
20250908192900,h1,10.0.0.1,46,40,19,52,OK
20250908193000,h1,10.0.0.1,49,83,9,94,OK
20250908193100,h1,10.0.0.1,13,35,14,4,OK
20250908193200,h1,10.0.0.1,16,80,37,77,OK
20250908193300,h1,10.0.0.1,34,83,8,52,OK
20250908193400,h1,10.0.0.1,11,4,40,92,OK
20250908193500,h1,10.0.0.1,76,62,47,93,OK
20250908193600,h1,10.0.0.1,67,17,25,13,OK
20250908193700,h1,10.0.0.1,12,77,43,49,OK
20250908193800,h1,10.0.0.1,50,10,24,90,OK
20250908193900,h1,10.0.0.1,7,27,10,81,OK
20250908194000,h1,10.0.0.1,75,66,19,12,OK
20250908194100,h1,10.0.0.1,74,83,30,36,OK
20250908194200,h1,10.0.0.1,92,21,37,60,OK
20250908194300,h1,10.0.0.1,4,28,19,53,OK
20250908194400,h1,10.0.0.1,24,80,35,39,OK
20250908194500,h1,10.0.0.1,37,2,1,79,OK
20250908194600,h1,10.0.0.1,8,80,40,94,OK
20250908194700,h1,10.0.0.1,73,88,3,87,OK
20250908194800,h1,10.0.0.1,70,78,21,9,OK
20250908194900,h1,10.0.0.1,89,97,5,75,OK
20250908195000,h1,10.0.0.1,77,75,42,12,OK
20250908195100,h1,10.0.0.1,25,36,10,92,OK
20250908195200,h1,10.0.0.1,53,74,46,44,OK
20250908195300,h1,10.0.0.1,72,17,4,37,OK
20250908195400,h1,10.0.0.1,25,50,40,29,LOSS
20250908195500,h1,10.0.0.1,9,3,16,82,OK
20250908195600,h1,10.0.0.1,89,99,25,14,OK
20250908195700,h1,10.0.0.1,98,58,7,26,OK
20250908195800,h1,10.0.0.1,32,74,35,97,OK
20250908195900,h1,10.0.0.1,98,90,42,59,OK
20250908200000,h1,10.0.0.1,26,54,31,84,OK
20250908200100,h1,10.0.0.1,94,59,42,12,OK
20250908200200,h1,10.0.0.1,14,43,26,26,OK
20250908200300,h1,10.0.0.1,69,78,1,12,OK
20250908200400,h1,10.0.0.1,90,90,28,99,OK
20250908200500,h1,10.0.0.1,73,66,2,32,OK
20250908200600,h1,10.0.0.1,94,80,46,36,OK
20250908200700,h1,10.0.0.1,59,17,49,70,OK
20250908200800,h1,10.0.0.1,80,77,15,47,OK
20250908200900,h1,10.0.0.1,52,89,0,69,OK
20250908201000,h1,10.0.0.1,71,91,9,86,LOSS
20250908201100,h1,10.0.0.1,2,33,21,75,OK
20250908201200,h1,10.0.0.1,86,77,13,96,OK
20250908201300,h1,10.0.0.1,12,61,49,49,LOSS
20250908201400,h1,10.0.0.1,71,14,43,79,OK
20250908201500,h1,10.0.0.1,53,37,38,13,OK
20250908201600,h1,10.0.0.1,53,67,43,27,OK
20250908201700,h1,10.0.0.1,94,57,27,30,OK
20250908201800,h1,10.0.0.1,95,62,3,33,OK
20250908201900,h1,10.0.0.1,16,95,43,80,OK
20250908202000,h1,10.0.0.1,10,95,14,57,OK
20250908202100,h1,10.0.0.1,83,37,26,59,OK
20250908202200,h1,10.0.0.1,52,32,2,22,OK
20250908202300,h1,10.0.0.1,74,80,18,71,OK
20250908202400,h1,10.0.0.1,94,10,32,67,OK
20250908202500,h1,10.0.0.1,82,4,21,80,OK
20250908202600,h1,10.0.0.1,9,15,41,20,OK
20250908202700,h1,10.0.0.1,45,81,9,4,OK
20250908202800,h1,10.0.0.1,80,47,15,20,OK
20250908202900,h1,10.0.0.1,50,91,39,23,OK
20250908203000,h1,10.0.0.1,38,54,0,61,OK
20250908203100,h1,10.0.0.1,14,10,32,2,OK
20250908203200,h1,10.0.0.1,4,63,29,64,OK
20250908203300,h1,10.0.0.1,34,65,43,64,OK
20250908203400,h1,10.0.0.1,74,12,30,68,OK
20250908203500,h1,10.0.0.1,61,98,47,35,OK
20250908203600,h1,10.0.0.1,71,96,2,82,OK
20250908203700,h1,10.0.0.1,66,79,2,42,LOSS
20250908203800,h1,10.0.0.1,47,55,37,32,OK
20250908203900,h1,10.0.0.1,57,61,36,86,OK
20250908204000,h1,10.0.0.1,27,11,44,5,OK
20250908204100,h1,10.0.0.1,17,63,27,59,OK
20250908204200,h1,10.0.0.1,70,80,8,6,OK
20250908204300,h1,10.0.0.1,62,14,15,14,OK
20250908204400,h1,10.0.0.1,19,24,25,81,OK
20250908204500,h1,10.0.0.1,64,24,9,65,OK
20250908204600,h1,10.0.0.1,68,53,20,64,OK
20250908204700,h1,10.0.0.1,98,53,38,68,LOSS
20250908204800,h1,10.0.0.1,15,83,36,23,LOSS
20250908204900,h1,10.0.0.1,22,54,26,77,LOSS
20250908205000,h1,10.0.0.1,90,37,26,56,OK
20250908205100,h1,10.0.0.1,96,85,35,85,OK
20250908205200,h1,10.0.0.1,7,2,5,90,OK
20250908205300,h1,10.0.0.1,43,72,26,63,LOSS
20250908205400,h1,10.0.0.1,57,41,15,95,OK
20250908205500,h1,10.0.0.1,49,5,49,5,OK
20250908205600,h1,10.0.0.1,66,91,38,27,OK
20250908205700,h1,10.0.0.1,43,17,39,27,OK
20250908205800,h1,10.0.0.1,48,10,47,32,OK
20250908205900,h1,10.0.0.1,13,56,46,21,OK
20250908210000,h1,10.0.0.1,39,44,36,68,OK
20250908210100,h1,10.0.0.1,6,88,33,66,OK
20250908210200,h1,10.0.0.1,3,12,38,42,OK
20250908210300,h1,10.0.0.1,56,27,41,2,OK
20250908210400,h1,10.0.0.1,22,41,10,45,OK
20250908210500,h1,10.0.0.1,56,47,45,64,OK
20250908210600,h1,10.0.0.1,71,85,5,50,OK
20250908210700,h1,10.0.0.1,55,59,23,35,OK
20250908210800,h1,10.0.0.1,46,75,39,30,OK
20250908210900,h1,10.0.0.1,52,74,32,64,OK
20250908211000,h1,10.0.0.1,75,64,1,43,OK
20250908211100,h1,10.0.0.1,16,48,45,15,OK
20250908211200,h1,10.0.0.1,87,95,17,37,OK
20250908211300,h1,10.0.0.1,3,86,22,10,OK
20250908211400,h1,10.0.0.1,89,65,19,35,OK
20250908211500,h1,10.0.0.1,4,47,35,70,OK
20250908211600,h1,10.0.0.1,35,55,49,15,OK
20250908211700,h1,10.0.0.1,37,64,26,1,OK
20250908211800,h1,10.0.0.1,99,97,6,48,OK
20250908211900,h1,10.0.0.1,45,81,3,97,OK
20250908212000,h1,10.0.0.1,77,68,11,19,OK
20250908212100,h1,10.0.0.1,80,77,46,46,OK
20250908212200,h1,10.0.0.1,55,18,47,62,OK
20250908212300,h1,10.0.0.1,36,1,17,41,OK
20250908212400,h1,10.0.0.1,87,54,47,22,OK
20250908212500,h1,10.0.0.1,67,76,23,17,OK
20250908212600,h1,10.0.0.1,76,5,16,83,OK
20250908212700,h1,10.0.0.1,44,39,1,51,OK
20250908212800,h1,10.0.0.1,54,81,28,25,OK
20250908212900,h1,10.0.0.1,15,77,11,72,OK
20250908213000,h1,10.0.0.1,10,79,34,63,OK
20250908213100,h1,10.0.0.1,76,56,47,63,LOSS
20250908213200,h1,10.0.0.1,71,8,13,38,OK
20250908213300,h1,10.0.0.1,21,48,21,7,OK
20250908213400,h1,10.0.0.1,60,83,37,37,OK
20250908213500,h1,10.0.0.1,64,90,4,90,OK
20250908213600,h1,10.0.0.1,9,89,8,48,LOSS
20250908213700,h1,10.0.0.1,75,41,40,40,OK
20250908213800,h1,10.0.0.1,77,42,1,39,OK
20250908213900,h1,10.0.0.1,87,1,18,14,OK
20250908214000,h1,10.0.0.1,42,15,32,97,OK
20250908214100,h1,10.0.0.1,31,61,30,75,OK
20250908214200,h1,10.0.0.1,50,30,31,15,OK
20250908214300,h1,10.0.0.1,96,69,6,60,OK
20250908214400,h1,10.0.0.1,59,57,21,45,OK
20250908214500,h1,10.0.0.1,34,8,33,67,OK
20250908214600,h1,10.0.0.1,71,42,20,22,OK
20250908214700,h1,10.0.0.1,92,77,29,78,OK
20250908214800,h1,10.0.0.1,22,32,42,72,OK
20250908214900,h1,10.0.0.1,57,43,3,19,OK
20250908215000,h1,10.0.0.1,34,37,2,72,OK
20250908215100,h1,10.0.0.1,48,23,19,54,OK
20250908215200,h1,10.0.0.1,28,49,11,7,OK
20250908215300,h1,10.0.0.1,89,52,2,42,LOSS
20250908215400,h1,10.0.0.1,98,14,24,32,LOSS
20250908215500,h1,10.0.0.1,33,30,5,39,LOSS
20250908215600,h1,10.0.0.1,14,14,39,51,OK
20250908215700,h1,10.0.0.1,22,2,29,50,OK
20250908215800,h1,10.0.0.1,32,76,15,59,OK
20250908215900,h1,10.0.0.1,72,66,28,37,OK
20250908220000,h1,10.0.0.1,12,36,17,46,OK
20250908220100,h1,10.0.0.1,78,88,39,74,OK
20250908220200,h1,10.0.0.1,11,70,2,52,OK
20250908220300,h1,10.0.0.1,80,43,46,63,OK
20250908220400,h1,10.0.0.1,7,73,25,86,OK
20250908220500,h1,10.0.0.1,62,86,41,55,OK
20250908220600,h1,10.0.0.1,63,20,13,20,OK
20250908220700,h1,10.0.0.1,28,35,32,1,OK
20250908220800,h1,10.0.0.1,98,10,17,54,OK
20250908220900,h1,10.0.0.1,15,77,37,90,OK
20250908221000,h1,10.0.0.1,57,67,14,15,OK
20250908221100,h1,10.0.0.1,5,73,4,8,OK
20250908221200,h1,10.0.0.1,10,3,49,57,LOSS
20250908221300,h1,10.0.0.1,20,66,29,20,OK
20250908221400,h1,10.0.0.1,60,24,4,22,OK
20250908221500,h1,10.0.0.1,91,35,7,40,OK
20250908221600,h1,10.0.0.1,45,71,3,91,OK
20250908221700,h1,10.0.0.1,89,6,31,96,OK
20250908221800,h1,10.0.0.1,96,52,7,44,OK
20250908221900,h1,10.0.0.1,68,79,7,77,OK
20250908222000,h1,10.0.0.1,29,35,24,13,OK
20250908222100,h1,10.0.0.1,88,86,24,90,OK
20250908222200,h1,10.0.0.1,5,31,24,65,OK
20250908222300,h1,10.0.0.1,4,45,9,82,OK
20250908222400,h1,10.0.0.1,25,55,26,48,OK
20250908222500,h1,10.0.0.1,35,2,1,6,OK
20250908222600,h1,10.0.0.1,1,17,40,20,OK
20250908222700,h1,10.0.0.1,62,34,45,92,OK
20250908222800,h1,10.0.0.1,8,35,39,13,OK
20250908222900,h1,10.0.0.1,47,89,40,17,OK
20250908223000,h1,10.0.0.1,71,8,18,5,OK
20250908223100,h1,10.0.0.1,3,32,29,14,OK
20250908223200,h1,10.0.0.1,88,68,20,24,OK
20250908223300,h1,10.0.0.1,20,7,32,81,OK
20250908223400,h1,10.0.0.1,1,26,7,20,LOSS
20250908223500,h1,10.0.0.1,51,8,49,26,OK
20250908223600,h1,10.0.0.1,20,6,45,30,OK
20250908223700,h1,10.0.0.1,85,77,6,41,OK
20250908223800,h1,10.0.0.1,28,16,13,2,OK
20250908223900,h1,10.0.0.1,81,21,32,73,OK
20250908224000,h1,10.0.0.1,18,96,33,70,OK
20250908224100,h1,10.0.0.1,3,42,23,46,OK
20250908224200,h1,10.0.0.1,5,58,48,87,OK
20250908224300,h1,10.0.0.1,69,30,49,22,OK
20250908224400,h1,10.0.0.1,60,47,10,46,OK
20250908224500,h1,10.0.0.1,47,30,19,23,OK
20250908224600,h1,10.0.0.1,63,55,31,67,OK
20250908224700,h1,10.0.0.1,8,16,19,82,OK
20250908224800,h1,10.0.0.1,46,70,3,1,OK
20250908224900,h1,10.0.0.1,12,29,16,17,OK
20250908225000,h1,10.0.0.1,8,47,19,83,OK
20250908225100,h1,10.0.0.1,39,25,15,38,OK
20250908225200,h1,10.0.0.1,17,55,16,80,OK
20250908225300,h1,10.0.0.1,74,91,8,99,OK
20250908225400,h1,10.0.0.1,49,75,0,24,OK
20250908225500,h1,10.0.0.1,28,93,10,88,OK
20250908225600,h1,10.0.0.1,11,53,43,24,OK
20250908225700,h1,10.0.0.1,77,95,2,61,OK
20250908225800,h1,10.0.0.1,44,21,17,59,OK
20250908225900,h1,10.0.0.1,40,78,40,70,OK
20250908230000,h1,10.0.0.1,29,49,43,27,OK
20250908230100,h1,10.0.0.1,25,23,49,31,OK
20250908230200,h1,10.0.0.1,1,14,43,96,OK
20250908230300,h1,10.0.0.1,89,50,24,46,OK
20250908230400,h1,10.0.0.1,50,90,2,26,OK
20250908230500,h1,10.0.0.1,42,16,16,59,OK
20250908230600,h1,10.0.0.1,11,13,8,50,OK
20250908230700,h1,10.0.0.1,38,18,0,84,OK
20250908230800,h1,10.0.0.1,79,46,17,37,OK
20250908230900,h1,10.0.0.1,93,29,23,30,OK
20250908231000,h1,10.0.0.1,65,90,23,22,OK
20250908231100,h1,10.0.0.1,50,80,45,18,LOSS
20250908231200,h1,10.0.0.1,77,93,23,75,OK
20250908231300,h1,10.0.0.1,80,61,11,90,OK
20250908231400,h1,10.0.0.1,64,58,46,71,OK
20250908231500,h1,10.0.0.1,62,27,37,76,OK
20250908231600,h1,10.0.0.1,26,52,4,18,OK
20250908231700,h1,10.0.0.1,20,76,30,50,OK
20250908231800,h1,10.0.0.1,14,62,12,64,OK
20250908231900,h1,10.0.0.1,70,44,9,79,OK
20250908232000,h1,10.0.0.1,74,2,22,33,OK
20250908232100,h1,10.0.0.1,34,92,17,96,OK
20250908232200,h1,10.0.0.1,10,54,23,12,OK
20250908232300,h1,10.0.0.1,5,3,20,1,OK
20250908232400,h1,10.0.0.1,52,9,34,47,OK
20250908232500,h1,10.0.0.1,9,52,34,51,OK
20250908232600,h1,10.0.0.1,69,45,8,19,OK
20250908232700,h1,10.0.0.1,95,98,49,92,OK
20250908232800,h1,10.0.0.1,40,62,16,31,LOSS
20250908232900,h1,10.0.0.1,66,91,6,57,OK
20250908233000,h1,10.0.0.1,92,88,34,75,OK
20250908233100,h1,10.0.0.1,29,98,23,50,OK
20250908233200,h1,10.0.0.1,39,25,26,45,OK
20250908233300,h1,10.0.0.1,86,5,8,94,OK
20250908233400,h1,10.0.0.1,61,5,16,32,OK
20250908233500,h1,10.0.0.1,20,94,37,47,OK
20250908233600,h1,10.0.0.1,66,79,39,90,OK
20250908233700,h1,10.0.0.1,68,40,12,7,OK
20250908233800,h1,10.0.0.1,95,43,3,18,OK
20250908233900,h1,10.0.0.1,64,33,48,69,LOSS
20250908234000,h1,10.0.0.1,28,75,48,52,OK
20250908234100,h1,10.0.0.1,95,10,39,88,OK
20250908234200,h1,10.0.0.1,86,88,41,81,LOSS
20250908234300,h1,10.0.0.1,39,64,38,10,OK
20250908234400,h1,10.0.0.1,3,99,18,87,OK
20250908234500,h1,10.0.0.1,1,49,24,90,OK
20250908234600,h1,10.0.0.1,2,59,38,49,OK
20250908234700,h1,10.0.0.1,75,2,25,70,LOSS
20250908234800,h1,10.0.0.1,55,18,16,62,OK
20250908234900,h1,10.0.0.1,7,17,18,15,OK
20250908235000,h1,10.0.0.1,75,5,13,55,OK
20250908235100,h1,10.0.0.1,68,41,0,99,OK
20250908235200,h1,10.0.0.1,9,42,48,83,OK
20250908235300,h1,10.0.0.1,84,4,42,34,OK
20250908235400,h1,10.0.0.1,62,78,23,76,OK
20250908235500,h1,10.0.0.1,73,20,20,53,OK
20250908235600,h1,10.0.0.1,77,40,49,65,OK
20250908235700,h1,10.0.0.1,42,46,46,4,OK
20250908235800,h1,10.0.0.1,95,74,44,60,OK
20250908235900,h1,10.0.0.1,41,60,33,55,OK
